Facility,Current Rating,Last Inspection Date,City,Address
101 Merced Inc. DBA: 88 Bao Bao,Good,10/9/2024,Merced,3564 G St.
17th Street Public House,Good,5/21/2024,Merced,315 W. Main St.
3 Hermanos Meat Market & Taqueria,Good,10/21/2025,Merced,9 W. Alexander Ave.
35th District Ag. Association DBA Merced County Fair,Good,4/27/2026,Merced,900 Martin Luther King Jr Way
7 Eleven 41973A,Good,10/18/2023,Merced,1995 W. Olive Ave.
7 Star Liquor,Good,11/4/2025,Merced,1230 E Martin Luther King Jr Way
7-Eleven #2368-14110 G,Good,4/2/2026,Merced,77 E. Olive Ave.
7-Eleven 41901H,Good,5/9/2025,Merced,3660 G St.
7-Eleven Store 37974B,Good,3/31/2025,Merced,1107 W. Olive Ave.
A & M Market,Good,7/19/2023,Merced,402 W 23rd St
A Reyes Elementary School,Good,3/18/2026,Merced,123 N St
Ace Sushi @ Save Mart 53,Good,4/14/2026,Merced,150 W. Olive Ave.
Ada Givens School,Good,5/8/2026,Merced,2900 Green St.
Adel's Mini Mart,Satisfactory,1/3/2024,Merced,331 S. Highway 59
AFC Sushi @ Raley's #309,Good,4/25/2024,Merced,3550 N. G St.
Agaves Mexican Grill,Good,6/20/2024,Merced,779 E. Yosemite Ave. Ste A+ B
"Alskii Inc, DBA: Strings Italian Cafe",Good,3/10/2025,Merced,731 E. Yosemite Ave. Ste A
Amaya's Aguas Frescas Mexicanas,Good,4/7/2026,Merced,851 Olive Ave. Ste 206
American Legion Post #83,Good,3/10/2026,Merced,939 W Main St.
Amigos Mini Mart,Good,2/26/2026,Merced,645 W. 11th St.
AMPM 7124,Good,4/24/2024,Merced,810 S. Coffee St.
Anberry Post Acute,Good,2/6/2024,Merced,1000 W. Yosemite Ave.
Applebee's,Good,4/1/2026,Merced,1734 W. Olive Ave.
AR United Corporation DBA Royal India Indian Cuisine,Satisfactory,6/12/2026,Merced,3040 Park Ave. Ste E-2
Arco 82723,Good,6/6/2023,Merced,3100 G St
ARCO AM PM,Good,4/5/2024,Merced,1625 McSwain Road
ARCO ampm,Good,3/25/2024,Merced,2070 E. Childs Ave.
Arco ampm,Satisfactory,2/19/2026,Merced,3101 N. Highway 59
Automatic Coffee Service,Good,6/12/2023,Merced,2115 W. Wardrobe Ave.
B.P.O.E. Merced Lodge # 1240,Good,1/4/2024,Merced,1910 M St
Baby Shop #6,Good,9/30/2024,Merced,1225 W. Main St.
Bag O' Crab MC LLC,Good,8/28/2025,Merced,455 W. Olive Ave.
Bagel Tyme,Good,9/4/2024,Merced,3040 Park Ave. # D
Bangkok Thai Restaurant,Satisfactory,9/18/2024,Merced,235 A W. Main St.
Bar B Q Pit,Good,6/27/2023,Merced,1720 G St.
Baskin-Robbins,Good,3/14/2024,Merced,293 Merced Mall
Bella Luna / The Goods Market & Deli,Good,9/18/2025,Merced,350 W. Main St.
Bernie's Liquors,Good,12/7/2023,Merced,2232 G St.
Best Buy Market,Good,12/6/2024,Merced,1220 W. 9th St
Best Western Inn,Good,1/23/2024,Merced,1033 Motel Dr.
"Bi-Rite Liquors Merced, Inc.",Good,2/11/2026,Merced,1103 Martin Luther King Jr Way
Black Bear Diner,Satisfactory,5/10/2024,Merced,1435 V St.
Body Shak Nutrition & Tanning,Good,9/5/2024,Merced,2949 G St.
Boys & Girls Club of Merced,Good,3/20/2024,Merced,615 W. 15th St.
"Brock Enterprises, Inc. - (Dippin Dots)",Good,6/15/2023,Merced,851 W. Olive Ave.
Burger King #16899,Good,11/1/2023,Merced,1965 E. Childs Ave.
Burger King #1878,Good,12/12/2025,Merced,555 W. Olive Ave.
Burger Time,Satisfactory,9/25/2024,Merced,661 W. 16th St.
Burlington #1572,Good,10/6/2025,Merced,3138 R St.
Buy and Bye Market,Good,6/27/2023,Merced,1108 G St
C&D Petro Inc Arco AMPM #83955,Good,11/13/2024,Merced,1295 W. Yosemite Ave.
California Liquor & Grocery,Satisfactory,2/28/2024,Merced,1122 R St
"California Motel, LLC",Good,3/25/2024,Merced,205 E. 16th St.
Campus Cafe,Good,1/19/2024,Merced,3600 M St.
Cardenas Markets #223,Good,4/13/2026,Merced,1136 W. Main St.
Carl's Jr. #238,Good,9/30/2024,Merced,1400 V St.
Carl's Jr. #597,Good,9/4/2024,Merced,300 W Olive Ave.
Carniceria 3 Hermanos,Good,2/25/2026,Merced,1055 W. Childs Ave.
Carniceria Dos Gallos #1,Good,10/22/2025,Merced,1122 R St.
Carniceria El Jarocho,Good,5/14/2025,Merced,2980 Beachwood Dr.
Carniceria Los Gordos Meat Market,Good,2/11/2026,Merced,1103 Martin Luther King Jr Way
Carniceria Los Navarrete,Satisfactory,7/24/2023,Merced,45 E. 16th St.
Carniceria Rio Grande,Good,12/6/2024,Merced,1220 W. 9th St.
Carniceria Superior,Good,10/16/2024,Merced,1725 W. Hwy 140
Carnitas Michoacan,Satisfactory,3/19/2025,Merced,1540 Yosemite Pkwy
Casa Frida Sabores De Mexico Inc,Good,10/6/2025,Merced,1715 W. State Highway 140
Casino Merced,Satisfactory,12/4/2024,Merced,"1459 Martin Luther King Jr Way Ste 4,5,6"
Central Presbyterian Church,Good,4/16/2026,Merced,1920 Canal St.
Central Valley Pace,Good,1/19/2024,Merced,727 W. Childs Ave.
Century Chevron #359664,Good,12/11/2023,Merced,655 E Main St
"CG Hospitality Group, Inc. dba: Round Table Pizza",Good,5/17/2024,Merced,1728 W. Olive Ave.
Champion Grill Buffet,Good,4/7/2026,Merced,475 W. Olive Ave.
Charles Wright School,Good,5/8/2026,Merced,900 E. 20th St.
Chenoweth Elementary School,Good,5/12/2026,Merced,3200 Parsons
Chili's,Good,6/6/2023,Merced,1075 W. Olive Ave.
China Caff,Satisfactory,5/7/2026,Merced,2840 G St.
Chipotle Mexican Grill #1954,Good,1/22/2024,Merced,3110 R St. Ste A
Chipotle Mexican Grill #4840,Good,2/21/2025,Merced,3120 Campus Parkway
Christian Life Center,Satisfactory,8/17/2023,Merced,650 E. Olive Ave.
Cigarette & Cigars,Good,3/26/2025,Merced,3528 G St.
Cigarettes & Snacks,Good,12/11/2024,Merced,1242 W. Olive Ave.
Circle G Mini Mart,Good,6/6/2023,Merced,3250 N G St E
"CLCM Company Inc, dba Carniceria Los Cerritos",Satisfactory,10/11/2024,Merced,235 W. 12th St. Ste I
Club Demonstration Services Inc. (Costco),Good,4/17/2026,Merced,1445 R St.
Club Mercedes Inc.,Good,11/22/2022,Merced,569 W 9th St
Coconut Cafe,Good,1/8/2025,Merced,3368 N. Hwy 59 Ste N
Coffee Bandits,Satisfactory,12/1/2023,Merced,309 W. Main St.
Coldstone Creamery,Satisfactory,9/26/2025,Merced,431 W. Main St.
Costco Warehouse Break Room (Valley Wide Vending),Good,4/17/2026,Merced,1445 R St.
Costco Wholesale #142,Good,4/17/2026,Merced,1445 R St.
Country Villa Merced Behavioral Health Center,Good,7/28/2025,Merced,1255 B St.
Country Waffles #928,Good,11/14/2024,Merced,1794 W. Olive Ave.
Courtyard by Marriott,Good,3/21/2024,Merced,750 Motel Dr.
Cousins Corner,Good,8/1/2025,Merced,260 W. 18th St.
Cruickshank Middle School,Good,5/15/2026,Merced,601 Mercy Dr.
CVS Pharmacy #7206,Good,3/13/2024,Merced,1970 Yosemite Pkwy
CVS Pharmacy #9623,Good,2/28/2024,Merced,649 W. Olive Ave.
Daljit Atwal DBA Circle R Mini Mart,Satisfactory,3/14/2024,Merced,1210 R St.
Danielson Pre-School (Classroom 1-2),Good,5/12/2026,Merced,1235 N St.
Days Inn Yosemite Area Merced,Satisfactory,4/13/2026,Merced,1215 R St.
Del Taco,Good,5/22/2024,Merced,1798 W. Olive Ave.
Deli-Delicious,Satisfactory,9/12/2024,Merced,570 W. Olive Ave.
Denny's Restaurant #6217,Good,1/8/2025,Merced,1128 W. 13th St.
Destino's,Good,9/11/2024,Merced,460 W. Main St.
Diamond Gas and Market 16,Good,1/6/2026,Merced,1720 R St.
Dollar General #13358,Good,2/26/2026,Merced,1729 W. State Highway 140
Dollar Tree #01222,Good,12/7/2023,Merced,1115 W. Main St.
Dollar Tree #06389,Good,12/8/2023,Merced,3142 G St. Ste 3
Dollar Tree #08582,Good,12/7/2023,Merced,1778 W. Olive Ave.
Dollar Tree Store 10527,Good,8/19/2024,Merced,1111 W. Olive Dr.
Domino's Pizza,Good,9/12/2024,Merced,3040 Park Ave. Ste E1
Domino's Pizza,Good,11/12/2025,Merced,1109 W. Main St.
Don Mario Taco Shop,Good,11/18/2024,Merced,801 Martin Luther King Jr Way
Don Stowell Elementary School,Good,3/18/2026,Merced,251 E. 11th St.
Donut King's,Good,5/12/2026,Merced,260 W. Main St.
Dutch Bros Coffee,Good,11/1/2023,Merced,2007 E. Childs Ave.
Dutch Bros Coffee,Satisfactory,7/8/2025,Merced,575 W. Olive Ave.
El Asadero Taco Shop,Good,9/24/2025,Merced,3532 N G St
El Capitan Hotel,Good,9/25/2024,Merced,609 W. Main St.
El Palacio Night Club,Good,12/29/2022,Merced,224 W. Main St.
El Pollo Loco #3424,Good,4/17/2026,Merced,613 W Olive Ave.
El Porvenir Grocery,Satisfactory,5/22/2026,Merced,864 W. 13th St.
Elder Services Inc DBA Dayout ADHC-Merced,Satisfactory,9/6/2024,Merced,1460 Merced Ave.
Eltareb Market,Satisfactory,10/31/2024,Merced,1504 Stretch Rd
Eltareb Market #3,Good,10/10/2023,Merced,561 W. 8th St.
Em-Tea,Good,4/14/2025,Merced,3570 G St.
Ember Coffee + Eatery,Good,4/1/2026,Merced,3562 G St.
Energy & Fitness 91,Good,9/11/2023,Merced,1950 Yosemite Pkwy Ste B
Escuela Popular Instituto de Cesar Chavez (EPIC),Good,4/16/2026,Merced,561 W. 18th St. Ste D
Express 76,Good,12/18/2024,Merced,1480 W 16th St
Fancy Burger,Good,12/17/2025,Merced,360 W. Olive Ave.
Farmdale Elementary School,Good,5/8/2026,Merced,100 Winder Ave.
Fiesta Mexicana,Good,11/18/2024,Merced,530 W. 16th St. Ste E
Fill N Fresh,Good,4/3/2025,Merced,782 Carol Ave.
Five Below,Good,11/4/2025,Merced,3162 R St.
Five Guys Burgers & Fries #1765,Good,3/13/2024,Merced,3572 G St.
Five Ten Bistro / After 5,Satisfactory,2/1/2024,Merced,510 W. Main St.
Food 4 Less - Merced,Good,1/26/2024,Merced,1115 W Olive Ave
Food Maxx #487,Good,11/12/2025,Merced,1300 W. Olive Ave.
Franciscan Post-Acute Care Center,Good,12/16/2024,Merced,3169 M St
Franklin School,Good,3/20/2026,Merced,2736 N Franklin Rd
Friends House Inc,Good,3/14/2025,Merced,437 W. Main St.
Frosty Queen Exp #3,Satisfactory,6/17/2026,Merced,1725 Yosemite Pkwy
Frozen World,Good,3/10/2025,Merced,779 E. Yosemite Ave. Ste E
Fruta Loca,Good,3/31/2026,Merced,3146 N. G St. Ste 106
Fujisan Sushi @ VAL076,Good,5/28/2026,Merced,851 W. Olive Ave. Ste 370
Gabes Bar,Good,4/17/2026,Merced,1636 Martin Luther King Jr Way
Gas-N-Save,Satisfactory,1/15/2025,Merced,963 W. 16th St.
Gateway Pizza N Subs,Good,5/14/2024,Merced,1220 V St.
Golden Bowl Chinese Restaurant,Satisfactory,3/13/2024,Merced,3144 N. G St. Ste 155
Gracey Elementary School,Good,3/18/2026,Merced,945 West Ave
Grocery Outlet of Merced,Good,5/6/2024,Merced,1125 W Main St
Guacamole Burrito,Good,7/14/2023,Merced,3144 G St. Ste 145
Guadalajara Meat Market,Satisfactory,3/30/2026,Merced,836 T St.
H & W Family Drive-In,Good,3/19/2025,Merced,121 W. 16th St.
"Habit Burger Grill #324 - Merced, CA",Good,3/20/2024,Merced,3680 G St.
Handi Stop,Satisfactory,9/11/2024,Merced,1460 Yosemite Pkwy
Handi Stop II,Good,9/11/2024,Merced,1801 E 21st St.
Hao's Kitchen,Good,11/7/2022,Merced,1500 Yosemite Pkwy
Hausmann Pizzeria LLC Pizza Factory,Good,3/30/2026,Merced,3146 G St. Ste 147
Hi-Fi Wine,Good,5/9/2024,Merced,629 W. Main St.
Hilton Garden Inn,Good,12/19/2025,Merced,1001 S. Coffee St.
HOBBY LOBBY,Good,5/9/2024,Merced,1400 W. Olive Ave.
Hola Cafecito,Good,2/21/2025,Merced,429 Main St.
Holiday Inn Express,Good,6/29/2026,Merced,151 S. Parsons Ave.
Hoover Intermediate,Good,4/16/2026,Merced,800 E 26th St
Houa Khong Restaurant,Good,4/8/2026,Merced,85 E 13th St
House of Prayer,Satisfactory,1/11/2024,Merced,590 Henry St.
HSA Cafeteria,Good,7/28/2025,Merced,2115 W. Wardrobe Ave.
In-N-Out Burger #91,Good,11/16/2023,Merced,1579 Martin Luther King Jr Way
Iris Garrett Juvenile Justice Complex,Good,4/27/2026,Merced,2840 W. Sandy Mush Road
Italo American Lodge,Good,2/19/2026,Merced,1351 W. 18th St
Jack In The Box # 465,Satisfactory,9/4/2024,Merced,595 W. Olive Ave.
Jack in the Box #5219,Good,12/19/2023,Merced,77 S. Parsons Ave.
Jack In The Box #580,Good,3/7/2024,Merced,1270 V St.
Jamba Juice #620,Good,5/22/2024,Merced,1728 W. Olive Ave.
Jamba Juice #75121,Good,5/9/2023,Merced,3630 G St. Ste D
Jantz Cafe & Bakery,Satisfactory,12/4/2023,Merced,3361 N. G St. Ste A
Jenny Nicole's Old School House Bakery,Good,4/25/2024,Merced,2649 Canal St.
Jessi's Market,Good,5/12/2026,Merced,110 E. 13th St.
Joe Herb Park Concessions,Good,3/13/2024,Merced,2200 Yosemite Pkwy
Joe On The Go Cafe,Good,11/17/2023,Merced,2806 G St.
Joe Stefani Elementary School,Good,3/20/2026,Merced,2768 Ranchero Lane
John C. Fremont School,Good,3/18/2026,Merced,1220 W 22nd St
John Latorraca Correctional Facility,Good,3/24/2026,Merced,2584 W. Sandy Mush Road
John Muir School,Good,4/16/2026,Merced,301 W 25th St
Jose Taco's,Good,6/6/2023,Merced,3250 N G St. Ste B
Joystiq,Good,9/19/2024,Merced,325 W. Main St.
Kabab City,Satisfactory,7/14/2025,Merced,125 E. Yosemite Ave. Ste D
Katalinas Distribution,Good,5/2/2025,Merced,790 Sunol Ct.
Kentucky Fried Chicken,Good,6/2/2026,Merced,180 W Olive Ave.
Kentucky Fried Chicken Restaurant,Good,6/2/2026,Merced,2016 E. Childs Ave.
KiddieLand @ Applegate Zoo,Good,4/10/2026,Merced,2525 O St.
Kind Neighbor,Good,8/12/2025,Merced,1717 M St.
King's Asian Cuisine Sushi & Cocktail Lounge,Unsatisfactory,6/4/2026,Merced,360 W Main St.
La Casita Tortilla & Spice,Good,5/30/2024,Merced,770 W 14th St
La Finca Branding Iron,Good,11/6/2025,Merced,640 W. 16th St.
La Hacienda Mexican Grill,Good,6/25/2026,Merced,802 W. 16th St.
La Michoacana Fruit and Ice Cream Inc,Good,6/29/2026,Merced,332 W. Main St.
La Michoacana Paleteria Y Neveria LaJoya,Good,9/4/2024,Merced,540 W. Olive Ave.
La Michoacana San Miguel,Good,8/8/2023,Merced,1950 Yosemite Pkwy Ste. D
La Michoacana USA,Good,7/15/2024,Merced,1111 W. Olive Ave. Ste B
La Morenita Restaurant,Satisfactory,5/14/2024,Merced,1352 W. 13th St.
La Sierra Care Center,Good,2/28/2024,Merced,2424 M St
La Taqueria,Good,10/21/2024,Merced,61 W Main St
La tia Juana,Good,4/13/2026,Merced,425 W. Main St. Ste H
Lee's Community Food Market,Satisfactory,7/5/2023,Merced,37 E. 15th St.
Little Caesars Pizza,Good,11/16/2022,Merced,63 E 16th St
Little Caesars Pizza,Satisfactory,9/24/2025,Merced,3250 N. G St. Ste A
Little Oven Pizza,Good,11/20/2023,Merced,433 W. Main St.
Los Compas,Good,7/26/2024,Merced,1513 W. Main St.
Los Panchos Restaurant,Good,3/20/2024,Merced,2971 G St.
Lovers Deli,Good,1/9/2024,Merced,426 W. Main St.
Lowe's #1672,Satisfactory,11/30/2023,Merced,1750 W Olive Ave.
Luther Burbank School,Good,5/12/2026,Merced,609 E. Alexander Ave.
M & A Market,Good,5/23/2024,Merced,2980 Beachwood Dr
Main Jail Facility - Sheriff's Department,Good,3/26/2026,Merced,700 W 22nd St
Main Place Stadium Cinemas,Good,9/19/2024,Merced,403 W. Main St.
Main Street Market,Satisfactory,12/11/2023,Merced,211 W. Main St.
Mainzer Theater,Satisfactory,12/4/2024,Merced,655 W. Main St.
Major Golf Sports Center,Satisfactory,8/14/2024,Merced,3536 N. Santa Fe Dr.
Mango Tango,Satisfactory,5/29/2024,Merced,1794 W. Olive Ave. Ste C
Manley's Donuts,Good,5/15/2024,Merced,1730 R St.
Maria's Taco Shop #1,Satisfactory,9/24/2024,Merced,1750 R St
Marie's Mexican Kitchen,Satisfactory,9/19/2024,Merced,259 W. Main St.
Mario's Taco Shop #1,Good,10/18/2023,Merced,51 W. 16th St.
Mariscos El Nacho,Satisfactory,9/12/2024,Merced,1560 Yosemite Pkwy
Masala Express,Satisfactory,9/12/2024,Merced,560 W. Olive Ave.
McDonald's,Good,10/24/2023,Merced,3140 Campus Pkwy
McDonald's Restaurant,Satisfactory,11/27/2023,Merced,1060 W. 13th St.
McDonalds #10150,Good,3/21/2024,Merced,1821 Motel Dr.
McDonalds #1313,Good,6/2/2026,Merced,206 W Olive Ave.
MCOE (Merced County Office of Education) - Commissary,Good,4/30/2026,Merced,350 W. Yosemite Ave.
MCRM Senior Meals Program,Good,12/11/2024,Merced,851 W 23rd St.
McSwain Elementary School (East Campus),Good,3/20/2026,Merced,926 N. Scott Road
McSwain Elementary School (West Campus),Good,3/20/2026,Merced,785 N. Scott Road
Me-N-Ed's Merced,Good,3/26/2025,Merced,3524 G St.
Mel's Liquors,Satisfactory,7/10/2023,Merced,1220 V St.
Merced Community College District,Good,1/19/2024,Merced,3600 M St
Merced County Food Bank Warehouse,Good,1/17/2025,Merced,2000 W. Olive Ave.
Merced Ctr for the Performing Arts,Good,9/25/2024,Merced,452 W. Main St.
Merced Elks Park,Good,2/26/2026,Merced,3600 Wardrobe Ave.
Merced Emergency Shelter,Good,12/16/2024,Merced,317 E. 15th St.
Merced Food Center,Good,9/12/2024,Merced,1150 ML King Jr Way
Merced Fruit Barn,Good,9/5/2024,Merced,4526 E. Hwy 140
Merced Fuel & Food,Good,12/20/2023,Merced,190 W. Olive Ave
Merced Golf & Country Club,Good,3/4/2025,Merced,6333 N. Golf Road
Merced Grand Buffet,Satisfactory,7/8/2025,Merced,1121 W. Olive Ave.
Merced Indian Grocers,Good,4/13/2026,Merced,3368 N. Hwy 59 Ste M
Merced Inn and Suites,Good,3/25/2024,Merced,2010 E. Childs Ave.
Merced Liquor Grocery,Good,12/11/2023,Merced,550 E Main St
Merced Mall Chevron Food Mart,Good,12/16/2024,Merced,1050 W. Olive Ave.
Merced Mart,Satisfactory,5/14/2024,Merced,1411 V St.
Merced Navigation Center,Good,3/30/2026,Merced,1411 B St.
Merced Nursing & Rehabilitation,Good,2/28/2024,Merced,510 W. 26th St.
Merced Rescue Mission,Good,2/21/2025,Merced,129 Cone Ave.
Merced SNF Operations LLC,Good,5/8/2023,Merced,3170 M St
Merced Speedway - Grandstands Concession,Satisfactory,11/28/2023,Merced,900 Martin Luther King Jr Way
Merced Valley Food,Satisfactory,4/2/2026,Merced,1640 Yosemite Pkwy
Mercy Medical Center,Satisfactory,6/16/2026,Merced,333 Mercy Ave
Mimosas Cafe,Good,9/18/2024,Merced,731 E. Yosemite Ave. Ste D
Mission Gardens Congregate Living Health Facility,Satisfactory,1/31/2024,Merced,1450 E. 27th St.
Mix Bakery,Good,5/15/2024,Merced,1110 W 16th St
Mocha Boba,Good,11/14/2025,Merced,851 W. Olive Ave. Ste 710
"Mor Furniture For Less, Inc.",Good,10/25/2024,Merced,1720 W. Olive Ave.
Mountain Mike's Pizza,Good,1/14/2026,Merced,1348 W Olive Ave.
Mountain Mike's Pizza,Good,1/14/2026,Merced,1950 Yosemite Pkwy Ste J
Mr. Pho,Good,5/23/2024,Merced,3360 N. Hwy 59 Ste D
Mrs. Adams Gourmet Cookies,Good,6/13/2023,Merced,400 Emerald Dr.
"MUHSD, East Campus Ed Center/ Yosemite High (Food & Pool)",Good,5/15/2026,Merced,1900 G St
"MUHSD, El Capitan High School (Food & Pool)",Satisfactory,2/4/2026,Merced,100 W. Farmland Ave.
"MUHSD, Golden Valley High School (Food & Pool)",Good,3/17/2026,Merced,2121 E Childs Ave
"MUHSD, Merced High School North Campus (Food & Pool)",Good,5/12/2026,Merced,205 W. Olive Ave.
New China Cafe,Good,2/19/2026,Merced,1002 W. Main St.
New Hong Kong Restaurant,Good,5/12/2025,Merced,3556 N. G St.
New Thai Cuisine,Good,5/6/2024,Merced,909 W. 16th St.
Noah's Vietnamese Fusion Cuisine,Satisfactory,2/19/2026,Merced,1327 W. 18th St.
Nothing Bundt Cakes,Good,5/18/2026,Merced,3522 G St.
O'Ryleighs Tavern,Satisfactory,3/5/2024,Merced,1730 Canal St.
Off The Wall Smoke Shop,Good,2/25/2026,Merced,1459 Martin Luther King Jr Way #3
Olive & R DBA Mountain Mikes Pizza,Good,5/22/2026,Merced,3630 G St. Ste A
Olive Garden Italian Kitchen,Good,12/5/2023,Merced,721 W. Olive Ave.
Ostioneria Guadalajara,Good,2/6/2026,Merced,1220 W. 16th St.
Oumi Sushi @ Sprouts 461,Good,3/20/2023,Merced,171 E. Yosemite Ave.
Our Lady of Mercy,Good,5/8/2026,Merced,1400 E 27th St
Panaderia Guadalajara #2,Good,6/3/2024,Merced,1339 W. 18th St.
Panaderia Olmos Bakery,Satisfactory,3/25/2024,Merced,47 E. 16th St.
Panda Express #3528,Good,4/9/2025,Merced,165 E. Yosemite Ave.
Panda Express #832,Good,12/2/2025,Merced,1786 Olive Ave. Bldg H
Panera Bread Bakery,Satisfactory,3/12/2024,Merced,3110 R St.
Papa Murphy's,Good,11/15/2022,Merced,220 Yosemite Ave.
PAQ Inc DBA Rancho San Miguel,Good,4/7/2026,Merced,1930 Yosemite Pkwy
PARBIN SHARMA DBA 7-ELEVEN #16673,Good,4/13/2026,Merced,1107 Loughborough Dr.
Parijat Merced LLC (DBA Hampton Inn & Suites by Hilton),Good,9/27/2024,Merced,225 S. Parsons Ave.
Peterson School,Good,5/15/2026,Merced,848 Donna Dr
Pioneer Elementary School,Good,5/12/2026,Merced,2950 E Gerard Ave
Pizza Guys,Satisfactory,3/20/2024,Merced,2800 G St.
Pizza Hut,Satisfactory,11/17/2023,Merced,580 W. Olive Ave.
Plainsburg Elementary School Cafeteria,Good,5/28/2026,Merced,3708 Plainsburg Rd
Popeye's Louisiana Kitchen,Good,1/8/2025,Merced,1445 Martin Luther King Jr. Way
Port of Subs,Satisfactory,6/2/2026,Merced,731 E. Yosemite Ave. Ste E
Pretty Good Burger by Loiter Street Inc,Satisfactory,3/12/2026,Merced,439 W. Main St.
Prime Time Nutrition,Good,2/28/2024,Merced,401 Lesher Dr. Ste. C
Quality Inn,Good,3/21/2024,Merced,730 Motel Dr.
Quickly,Good,11/14/2024,Merced,731 E. Yosemite Ave. Ste G
R Street Chevron,Good,1/15/2025,Merced,1415 R St.
Raley's 309,Good,4/25/2024,Merced,3550 N. G St.
Raley's Store #309 Merced - Starbucks Kiosk,Good,9/3/2025,Merced,3550 N. G St.
Rally's Burger,Good,5/1/2025,Merced,3105 N. Hwy 59
Ravello's / Gateway Gardens,Good,7/2/2025,Merced,560 W. 18th St.
Revive Event Center,Good,12/1/2025,Merced,443 W. 18th St
Richwood Meat Co.,Good,9/13/2022,Merced,2751 N. Santa Fe Dr.
Rivera Elementary & Middle School,Good,3/20/2026,Merced,945 Buena Vista
Rodeway Inn,Good,3/21/2024,Merced,1001 Motel Dr.
Roller Land,Good,5/27/2026,Merced,1445 W 18th St.
Ross Dress For Less #0836,Good,1/22/2024,Merced,1113 W Olive Ave
Royalty Burger,Good,3/12/2026,Merced,1103 Martin Luther King Jr Way
Sahara Coffee House,Good,7/6/2026,Merced,1459 Martin Luther King Jr Way Ste 9
Salvation Army Dining Hall,Good,2/26/2026,Merced,1440 W. 12th St.
Sam Cafe,Good,4/21/2025,Merced,235 W 12th St.
Sangha Nutrition Center kk2208 Inc. DBA GNC,Good,12/5/2025,Merced,717 Merced Mall
Sangha Royal Products,Good,4/24/2025,Merced,7697 S. Combs Road
Sansei,Good,5/14/2026,Merced,705 Merced Mall
Santa Fe Foods,Unsatisfactory,4/28/2026,Merced,1010 W. 16th St.
Save Mart #53,Good,4/14/2026,Merced,150 W. Olive Ave.
Save More Market,Satisfactory,12/20/2023,Merced,2030 G St
Scoops Handcrafted Acai Bowls,Good,11/12/2025,Merced,3090 M St. Ste B
Scotts Diner,Satisfactory,9/12/2024,Merced,2015 E. Childs Ave.
See's Candies - Merced Mall - Space 640,Good,2/19/2026,Merced,713 Merced Mall Spc 640
Shannon Mini Mart,Satisfactory,12/19/2023,Merced,369 S. HWY 59
Sheehy School,Good,3/18/2026,Merced,1240 W 6th St
Shop and Go,Good,2/21/2023,Merced,2272 N. Beachwood Dr.
Shop N Save Market,Good,2/25/2026,Merced,1055 W. Childs Ave
Sizzler #679,Good,12/11/2024,Merced,1334 W. Olive Ave.
Sky Zone,Good,11/14/2023,Merced,1230 W. Main St.
Smart & Final # 385,Satisfactory,5/29/2024,Merced,1425 Martin Luther King Jr Way
Smart Depot Supply,Good,11/9/2023,Merced,863 W. 15th St.
Smash Bros Burger LLC,Satisfactory,2/25/2026,Merced,"1459 Martin Luther King, Jr Way Ste 1"
Smiley's Shell,Good,2/25/2026,Merced,1405 Martin Luther King Jr Way
Smoke Palace,Good,5/15/2024,Merced,1204 W. 16th St.
Sonic Drive-In #4487,Good,9/24/2024,Merced,1101 W. 18th St.
Spices of India,Satisfactory,2/26/2024,Merced,1277 V St. Ste D
Sprouts Farmers Market,Good,2/8/2023,Merced,171 E. Yosemite Ave.
SS Fuel Stores Inc DBA R Street Food Mart (Food),Satisfactory,1/15/2025,Merced,1245 R St.
St. Patrick Church Parish Hall,Good,9/6/2023,Merced,671 E. Yosemite Ave.
St. Paul Lutheran Church & School,Good,5/12/2026,Merced,2916 N. McKee Road
Staples the Office Superstore #0268,Good,11/8/2022,Merced,20 W. Olive Ave.
Star Club,Good,11/1/2022,Merced,1331 W. Main St.
Star Gas,Satisfactory,4/7/2025,Merced,1970 E Childs Ave
Starbucks #5919,Good,6/3/2024,Merced,360 W. 16th St. Ste A
Starbucks #70850,Good,9/12/2023,Merced,1993 W. Olive Ave.
Starbucks #9514,Good,3/10/2026,Merced,145 E. Yosemite Ave.
Starbucks Coffee #10491,Good,5/15/2026,Merced,700 Carol Ave.
Starbucks Coffee #5745,Satisfactory,12/8/2023,Merced,689 W. Olive Ave.
Starbucks Coffee #85979,Good,8/26/2025,Merced,5 E. 23rd St.
Starbucks Coffee Company #59960,Satisfactory,5/15/2024,Merced,1665 R St.
Starbucks Coffee Company #69271,Good,10/24/2023,Merced,856 S. Coffee St.
Stone Ridge Christian School,Good,3/20/2026,Merced,2738 W. Dan Ward Road
Street Corner Merced,Good,10/9/2024,Merced,809 S. Coffee St.
Subway,Good,8/17/2023,Merced,3566 G St.
Subway 14350,Good,6/2/2026,Merced,15 E 16th St.
Subway 37020,Good,6/2/2026,Merced,1459 Martin Luther King Jr Way # 8
Subway 39048,Good,5/15/2026,Merced,720 Carol Ave.
Subway Sandwich Shop,Good,6/6/2023,Merced,3250 N. G St. #D
Subway Sandwiches,Good,9/24/2025,Merced,1200 W. Olive Ave.
Sushi Cuisine,Good,11/8/2022,Merced,3544 G St.
Table 59,Satisfactory,3/13/2024,Merced,3360 N. Hwy 59 Ste H
Taco Bell,Good,9/11/2023,Merced,1990 Yosemite Pkwy
Taco Bell #3171,Good,6/16/2026,Merced,3140 G St.
Taco Bell #4758,Good,8/2/2024,Merced,1440 Martin Luther King Jr Way
Taqueria El Huarache,Good,4/21/2025,Merced,3115 R St.
Taqueria El Palmar,Satisfactory,5/30/2024,Merced,1127 Martin Luther King Jr. Way
Taqueria Los Girasoles,Good,2/21/2023,Merced,2272 Beachwood Dr.
Taqueria y Rosticeria Los Navarrete DBA Tacos El Jr,Good,2/6/2026,Merced,1104 W. 16th St.
Target Store T-0641 Starbucks,Good,2/1/2024,Merced,3280 R St.
TARGET T0641,Good,2/1/2024,Merced,3280 R St
Tenaya Intermediate,Good,3/17/2026,Merced,760 W 8th St
Teriyaki Don,Satisfactory,4/8/2026,Merced,755 E. Yosemite Ave. Ste H
Thai Cuisine II,Good,4/8/2026,Merced,779 E. Yosemite Ave. G
Thai Cuisine Merced LLC DBA Thai Cuisine,Good,9/13/2024,Merced,23 E. 16th St.
Thai Star,Good,11/22/2022,Merced,57 W. Alexander Ave.
The Art Kamangar Center at the Merced Theatre,Good,11/23/2022,Merced,301 W. Main St.
The Chocolate Dipper,Good,4/25/2024,Merced,319 W. Main St.
The Cue Spot Billiards,Good,11/1/2022,Merced,450 W. Main St.
The Hampshire,Satisfactory,2/7/2024,Merced,3460 N. R St.
The Home Depot Store #6618,Good,2/26/2024,Merced,1735 W. 140 HWY
The Hot Spot,Good,3/21/2024,Merced,1711 I St.
The Papaya Lady,Satisfactory,7/24/2023,Merced,45 E. 16th St.
The Partisan,Good,9/11/2024,Merced,432 W. Main St.
The Sensory Lab by ASIP,Good,4/8/2026,Merced,847 W. Main St.
The Tandoor Table Inc,Good,4/25/2025,Merced,1052 W Main St.
The Vista Ranch and Cellars,Good,5/22/2024,Merced,7326 E. Hwy 140
Tioga Sequoia Brewing,Good,1/30/2025,Merced,1707 N St.
Togo's of Merced,Satisfactory,6/4/2026,Merced,3146 N G St. Ste 107
Toni's Courtyard Cafe,Satisfactory,7/21/2023,Merced,516 W. 18th St.
Towneplace Suites by Marriott,Good,9/27/2024,Merced,229 S. Parsons Ave.
Tractor Supply Company,Good,8/15/2023,Merced,882 S. Coffee St.
Trevino's Mexican Restaurant,Good,9/10/2024,Merced,408 W Main St.
Turmeric Indian Cuisine,Good,5/28/2025,Merced,731 E. Yosemite Ave. Ste C
Twins Food Outlet,Good,5/23/2025,Merced,159 W. Main St.
U Save Liquor,Good,7/14/2023,Merced,1846 Yosemite Pkwy
Una Mas Taproom,Good,12/16/2025,Merced,420 Main St.
US Foods CHEF'STORE,Good,2/26/2026,Merced,3275 R St.
Vallarta Supermarket #76,Good,5/28/2026,Merced,851 W. Olive St.
Valley Community School,Good,5/28/2026,Merced,1850 Wardrobe Ave.
Valley Eats,Good,8/22/2025,Merced,1997 W. Olive Ave.
Valley Wide Vending (Dignity Health Mercy Medical Center),Good,2/28/2024,Merced,333 Mercy Ave.
Vanessa's Ice Cream Shop,Good,5/15/2026,Merced,710 Carol Ave.
Vardaan Inc DBA Rock N Roll | Handrolled Premium Ice Cream,Good,5/4/2026,Merced,1742 Canal St.
Veterans Service Solutions LLC,Good,1/28/2026,Merced,900 Martin Luther King Jr Way
Victoria's Mexican Food,Satisfactory,11/3/2023,Merced,1060 W. 16th St.
Villa's Mexican Food,Good,5/17/2024,Merced,900 Loughborough Dr. Ste C
Village Liquors,Good,12/20/2023,Merced,2939 G St.
Walgreens #3330,Good,5/15/2024,Merced,1640 R St.
Walgreens #4415,Good,11/21/2022,Merced,3098 G St.
Walmart #2039,Good,3/27/2026,Merced,3055 Loughborough Dr.
We Do Dough Turlock Inc. DBA Crumbl Cookies,Good,7/15/2025,Merced,3630 G St. Ste E
Weaver Middle School,Good,5/12/2026,Merced,3076 E. Childs Ave.
Wendy's Old Fashioned,Good,3/5/2024,Merced,1400 Martin Luther King Jr Way
Wetzel's Pretzels,Satisfactory,2/19/2026,Merced,721 Merced Mall
Winganomics Inc (d.b.a. Wingstop Merced),Good,3/10/2025,Merced,779 E. Yosemite Ave. Ste D
Wired Internet Cafe,Good,9/4/2024,Merced,450 W. 18th St.
Wolfe Transition Center,Good,5/12/2026,Merced,732 W. 13th St.
Yogolicious,Good,8/29/2024,Merced,3110 R St. Ste B
Yosemite Chevron,Good,12/20/2023,Merced,3584 G St.
Yosemite Station Restaurant,Satisfactory,4/9/2025,Merced,125 E. Yosemite Ave. Ste A
Yosemite Valley Beef Packing Co Inc,Good,7/21/2023,Merced,970 E. Sandy Mush Road
Youth Sports Complex,Satisfactory,11/29/2023,Merced,1800 Wardrobe Ave.
Youth Sports Complex Concessions - Baseball / Soccer,Satisfactory,11/29/2023,Merced,1777 W. Wardrobe Ave.
Yum Yum Donuts Franchise #60,Satisfactory,9/5/2024,Merced,2931 G St
Yummy Thai,Good,6/25/2026,Merced,2961 Beachwood Dr.
Zesty Urban Farms Microgreens,Good,2/11/2026,Merced,3080 M St. Ste D
Zoomys Merced G St,Good,6/6/2023,Merced,3006 G St.
Zoomys Merced Yosemite Pkwy,Satisfactory,7/14/2023,Merced,1400 Yosemite Pkwy
